<?xml version="1.0" encoding="UTF-8"?>
<project-private xmlns="http://www.netbeans.org/ns/project-private/1">
    <editor-bookmarks xmlns="http://www.netbeans.org/ns/editor-bookmarks/2" lastBookmarkId="0"/>
    <open-files xmlns="http://www.netbeans.org/ns/projectui-open-files/2">
        <group>
            <file>file:/C:/Users/Jeison/Dropbox/TEC/2018%20Semestre%20I/Lenguajes%20de%20Porgramación/Tareas/Tarea0/src/Restaurant.java</file>
            <file>file:/C:/Users/Jeison/Dropbox/TEC/2018%20Semestre%20I/Lenguajes%20de%20Porgramación/Tareas/Tarea0/src/Client.java</file>
            <file>file:/C:/Users/Jeison/Dropbox/TEC/2018%20Semestre%20I/Lenguajes%20de%20Porgramación/Tareas/Tarea0/src/Order.java</file>
            <file>file:/C:/Users/Jeison/Dropbox/TEC/2018%20Semestre%20I/Lenguajes%20de%20Porgramación/Tareas/Tarea0/src/Main.java</file>
        </group>
    </open-files>
</project-private>
